{
  "days": 45,
  "picks": 887,
  "avg_change_pct": 3.372915170940171,
  "touch_limit_rate_pct": 7.1025930101465615,
  "close_limit_rate_pct": 0.0,
  "win_rate_pct": 94.25028184892898,
  "total_return_pct": 343.7467427854249,
  "max_drawdown_pct": 0.0
}