{
  "days": 54,
  "picks": 1049,
  "avg_next_open_return_pct": -0.19123992594503691,
  "strong_open_rate_pct": 23.546234509056244,
  "win_rate_pct": 36.32030505243088,
  "total_return_pct": -9.970755474098269,
  "max_drawdown_pct": -11.118405699610756
}